{
  "FFSegmentStoreEncodedHeight": 270,
  "FFSegmentStoreEncodedWidth": 236,
  "FFSegmentStoreFieldOrder": -1,
  "FFSegmentStoreFileFrameCount": 1024,
  "FFSegmentStoreFirstSample": 0,
  "FFSegmentStoreHEVCConfigsDictionary": {},
  "FFSegmentStorePixelTransformArray": [
    [
      0.15225806451612903,
      0,
      0,
      118,
      0,
      -0.15288788221970556,
      0,
      135,
      0,
      0,
      1,
      0,
      0,
      0,
      0,
      1
    ]
  ],
  "FFSegmentStoreRenderProps": "FFRenderPropsThumbnail",
  "FFSegmentStoreSegmentStoreMD5": {
    "type": "Buffer",
    "data": [
      232,
      7,
      127,
      248,
      252,
      60,
      213,
      223,
      194,
      184,
      71,
      69,
      182,
      159,
      140,
      255
    ]
  },
  "FFSegmentStoreStoredFrameIndexes": [
    14,
    18,
    24,
    31,
    40,
    53,
    55,
    56,
    69,
    73,
    88,
    89,
    94,
    98,
    105,
    110,
    111,
    114,
    116,
    117,
    122,
    124,
    132,
    147,
    155,
    157,
    159,
    170,
    171,
    177,
    204,
    207,
    208,
    219,
    221,
    241,
    245,
    259,
    265,
    268,
    269,
    284,
    286,
    288,
    295,
    311,
    317,
    333,
    334,
    343,
    345,
    347,
    350,
    351,
    352,
    363,
    366,
    368,
    372,
    405,
    410,
    414,
    441,
    447,
    449,
    450,
    478,
    483,
    484,
    529,
    532,
    539,
    555,
    558,
    572,
    584,
    585,
    586,
    588,
    608,
    614,
    621,
    622,
    625,
    629,
    637,
    660,
    685,
    691,
    714,
    720,
    731,
    735,
    740,
    743,
    744,
    745,
    748,
    749,
    753,
    756,
    760,
    762,
    763,
    767,
    770,
    771,
    773,
    774,
    777,
    778,
    779,
    780,
    784,
    788,
    791,
    796,
    797,
    801,
    804,
    805,
    806,
    808,
    809,
    810,
    811,
    813,
    814,
    818,
    819,
    820,
    821,
    823,
    825,
    826,
    831,
    832,
    833,
    834,
    835,
    837,
    838,
    839,
    840,
    841,
    842,
    845,
    847,
    848,
    849,
    852,
    853,
    855,
    858,
    859,
    860,
    864,
    865,
    866,
    867,
    869,
    870,
    872,
    873,
    874,
    875,
    877,
    878,
    880,
    882,
    883,
    884,
    885,
    886,
    887,
    891,
    893,
    895,
    896,
    897,
    898,
    900,
    901,
    902,
    903,
    905,
    907,
    910,
    912,
    914,
    915,
    916,
    917,
    918,
    919,
    920,
    921,
    922,
    926,
    928,
    929,
    930,
    931,
    933,
    934,
    938,
    941,
    942,
    944,
    947,
    948,
    949,
    950,
    952,
    953,
    954,
    955,
    957,
    958,
    960,
    962,
    963,
    968,
    969,
    971,
    973,
    975,
    977,
    979,
    981,
    982,
    983,
    985,
    986,
    987,
    989,
    990,
    991,
    992,
    994,
    996,
    997,
    998,
    1000,
    1002,
    1003,
    1004,
    1005,
    1006,
    1007,
    1008,
    1009,
    1010,
    1011,
    1012,
    1013,
    1014,
    1015,
    1016,
    1017,
    1018,
    1019,
    1020,
    1021,
    1022,
    1023,
    1024,
    1025,
    1026,
    1027,
    1028,
    1029,
    1030,
    1031,
    1032,
    1033,
    1034,
    1035,
    1036,
    1037,
    1038,
    1039,
    1040,
    1041,
    1042,
    1043,
    1044,
    1045,
    1046,
    1047,
    1048,
    1049,
    1050,
    1051,
    1052,
    1053,
    1054,
    1055,
    1056,
    1057,
    1058,
    1059,
    1060,
    1061,
    1062,
    1063,
    1064,
    1065,
    1066,
    1067,
    1068,
    1069,
    1070,
    1071,
    1072,
    1073,
    1074,
    1075,
    1076,
    1077,
    1078,
    1079,
    1080,
    1081,
    1082,
    1083,
    1084,
    1085,
    1086,
    1087,
    1088,
    1089,
    1090,
    1091,
    1092,
    1093,
    1094,
    1095,
    1096,
    1097,
    1098,
    1099,
    1100,
    1101,
    1102,
    1103,
    1106,
    1108,
    1109,
    1110,
    1112,
    1115,
    1116,
    1117,
    1118,
    1120,
    1121,
    1124,
    1125,
    1127,
    1131,
    1133,
    1134,
    1135,
    1137,
    1138,
    1139,
    1140,
    1143,
    1146,
    1147,
    1149,
    1150,
    1152,
    1155,
    1156,
    1158,
    1161,
    1162,
    1163,
    1164,
    1166,
    1167,
    1168,
    1169,
    1170,
    1171,
    1173,
    1175,
    1176,
    1179,
    1182,
    1183,
    1186,
    1191,
    1193,
    1194,
    1200,
    1201,
    1207,
    1208,
    1212,
    1215,
    1219,
    1223,
    1225,
    1230,
    1234,
    1238,
    1242,
    1244,
    1246,
    1249,
    1259,
    1260,
    1261,
    1262,
    1263,
    1267,
    1273,
    1275,
    1278,
    1279,
    1285,
    1291,
    1292,
    1294,
    1297,
    1300,
    1305,
    1309,
    1313,
    1321,
    1322,
    1323,
    1327,
    1329,
    1333,
    1338,
    1341,
    1347,
    1349,
    1350,
    1351,
    1352,
    1355,
    1361,
    1366,
    1367,
    1369,
    1375,
    1382,
    1386,
    1390,
    1396,
    1399,
    1400,
    1403,
    1411,
    1412,
    1413,
    1421,
    1432,
    1433,
    1436,
    1437,
    1443,
    1445,
    1446,
    1451,
    1452,
    1456,
    1458,
    1461,
    1465,
    1473,
    1476,
    1477,
    1479,
    1488,
    1497,
    1498,
    1503,
    1504,
    1509,
    1517,
    1519,
    1520,
    1529,
    1531,
    1534,
    1536,
    1538,
    1543,
    1561,
    1562,
    1563,
    1564,
    1565,
    1587,
    1590,
    1595,
    1598,
    1604,
    1608,
    1615,
    1616,
    1617,
    1625,
    1629,
    1633,
    1635,
    1647,
    1655,
    1657,
    1658,
    1667,
    1668,
    1673,
    1681,
    1686,
    1690,
    1699,
    1709,
    1712,
    1715,
    1716,
    1717,
    1718,
    1720,
    1728,
    1732,
    1734,
    1743,
    1746,
    1752,
    1764,
    1773,
    1775,
    1777,
    1788,
    1798,
    1807,
    1813,
    1815,
    1818,
    1826,
    1829,
    1834,
    1838,
    1846,
    1858,
    1864,
    1866,
    1867,
    1869,
    1877,
    1879,
    1889,
    1890,
    1911,
    1919,
    1924
  ]
}